domain;create_date;update_date 
karim-gypse.com;2020-05-11T03:59:51.877016;2020-05-11T03:59:51.877019
karim-hamrouni.com;2020-05-11T03:59:51.877619;2020-05-11T03:59:51.877622
karim-impex.com;2020-05-11T03:59:51.878071;2020-05-11T03:59:51.878074
karim-jawad.com;2020-05-11T03:59:51.878222;2020-05-11T03:59:51.878225
karim-joue-au-comedien.com;2020-05-11T03:59:51.878374;2020-05-11T03:59:51.878377
karim-julia.com;2020-05-11T03:59:51.878525;2020-05-11T03:59:51.878528
karim-kadri.com;2020-05-11T03:59:51.878697;2020-05-11T03:59:51.878702
karim-kattaoui.com;2020-05-11T03:59:51.878900;2020-05-11T03:59:51.878905
karim-kebab.com;2020-05-11T03:59:51.879066;2020-05-11T03:59:51.879069
karim-khan.com;2020-05-11T03:59:51.879219;2020-05-11T03:59:51.879222
karim-kheyar.com;2020-05-11T03:59:51.879371;2020-05-11T03:59:51.879374
karim-labadi-53.com;2020-05-11T03:59:51.879523;2020-05-11T03:59:51.879526
karim-lalani.com;2020-05-11T03:59:51.879680;2020-05-11T03:59:51.879683
karim-leffad.com;2020-05-11T03:59:51.879833;2020-05-11T03:59:51.879835
karim-mabrouk.com;2020-05-11T03:59:51.879984;2020-05-11T03:59:51.879987
karim-marzouk.com;2020-05-11T03:59:51.880157;2020-05-11T03:59:51.880160
karim-mataba.com;2020-05-11T03:59:51.880312;2020-05-11T03:59:51.880314
karim-menzli.com;2020-05-11T03:59:51.880463;2020-05-11T03:59:51.880465
karim-michael-hambach.com;2020-05-11T03:59:51.880613;2020-05-11T03:59:51.880616
karim-miske.com;2020-05-11T03:59:51.880766;2020-05-11T03:59:51.880768
karim-moftah.com;2020-05-11T03:59:51.880918;2020-05-11T03:59:51.880921
karim-movement.com;2020-05-11T03:59:51.881072;2020-05-11T03:59:51.881075
karim-muffakgranero.com;2020-05-11T03:59:51.881223;2020-05-11T03:59:51.881226
karim-nasser.com;2020-05-11T03:59:51.881374;2020-05-11T03:59:51.881377
karim-ndiaye.com;2020-05-11T03:59:51.881526;2020-05-11T03:59:51.881529
karim-net.com;2020-05-11T03:59:51.881678;2020-05-11T03:59:51.881680
karim-nour.com;2020-05-11T03:59:51.881828;2020-05-11T03:59:51.881831
karim-online.com;2020-05-11T03:59:51.881979;2020-05-11T03:59:51.881982
karim-osmani.com;2020-05-11T03:59:51.882130;2020-05-11T03:59:51.882133
karim-pierre.com;2020-05-11T03:59:51.882280;2020-05-11T03:59:51.882282
karim-productions.com;2020-05-11T03:59:51.882429;2020-05-11T03:59:51.882432
karim-rehahla.com;2020-05-11T03:59:51.882579;2020-05-11T03:59:51.882581
karim-reporterphoto.com;2020-05-11T03:59:51.882728;2020-05-11T03:59:51.882731
karim-rifai.com;2020-05-11T03:59:51.882879;2020-05-11T03:59:51.882882
karim-roti-mataba.com;2020-05-11T03:59:51.883029;2020-05-11T03:59:51.883032
karim-roti.com;2020-05-11T03:59:51.883179;2020-05-11T03:59:51.883182
karim-rotimataba.com;2020-05-11T03:59:51.883331;2020-05-11T03:59:51.883333
karim-samy.com;2020-05-11T03:59:51.883482;2020-05-11T03:59:51.883485
karim-shalaby.com;2020-05-11T03:59:51.883632;2020-05-11T03:59:51.883635
karim-silvina-hiebaum.com;2020-05-11T03:59:51.883783;2020-05-11T03:59:51.883786
karim-soload-expert.com;2020-05-11T03:59:51.883933;2020-05-11T03:59:51.883936
karim-temple.com;2020-05-11T03:59:51.884099;2020-05-11T03:59:51.884101
karim-tm.com;2020-05-11T03:59:51.884256;2020-05-11T03:59:51.884258
karim-tours.com;2020-05-11T03:59:51.884406;2020-05-11T03:59:51.884408
karim-voyages.com;2020-05-11T03:59:51.884556;2020-05-11T03:59:51.884559
karim-yarrari.com;2020-05-11T03:59:51.884707;2020-05-11T03:59:51.884710
karim-younes.com;2020-05-11T03:59:51.884857;2020-05-11T03:59:51.884860
karim-yousef.com;2020-05-11T03:59:51.885008;2020-05-11T03:59:51.885011
karim-zegaa.com;2020-05-11T03:59:51.885159;2020-05-11T03:59:51.885161
khalif-karim-amrani.com;2020-05-11T04:14:15.772488;2020-05-11T04:14:15.772492
